{
  "rmse": 17.937914197736756,
  "mae": 12.417720524412463,
  "total_sessions": 3440,
  "avg_duration": 16.46327034883721
}